auth_code,created_at,expires_at
S86WVCQ2,2024-07-10T20:51:31,2024-08-12T20:51:31
27VD94UG,2024-07-14T20:53:44,2024-08-11T20:53:44
4XTMAX5Z,2024-07-15T08:34:37,2024-08-14T08:34:37
GVZ0ORBJ,2024-07-16T13:13:07,2024-07-26T13:13:07
3P2MYC6U,2024-07-17T09:57:40,2024-08-06T09:57:40
237MMZ2S,2024-07-17T14:05:38,2024-08-31T20:45:38
NHUO4AFH,2024-07-17T19:59:01,2024-08-16T19:59:01
XL2SD9MM,2024-07-18T14:38:24,2024-09-05T14:38:00
JUBO94HA,2024-07-19T15:56:16,2024-07-22T15:56:00
X4XLNUS2,2024-07-25T10:38:52,2024-08-24T10:38:52
O3DI3F8T,2024-07-25T10:43:47,2024-08-24T10:43:47
YB1QK3J0,2024-07-26T18:47:16,2024-08-31T18:47:16
2PDVKW2R,2024-07-28T23:11:49,2024-08-27T23:11:49
X4L8P824,2024-07-30T14:42:14,2024-10-04T14:42:14
XWFYGHU7,2024-07-31T12:14:33,2024-08-30T12:14:33
J9NLW0FA,2024-08-04T00:13:24,2024-09-03T00:13:24
BM8X6XFM,2024-08-05T22:22:27,2024-09-04T22:22:27
XS6A2BDY,2024-08-08T22:27:21,2024-09-07T22:27:21
QS9QQ8Q1,2024-08-12T11:46:05,2024-09-11T11:46:05
KVGISVIE,2024-08-20T14:50:16,2024-09-19T14:50:16
P9FNMJ9O,2024-08-23T17:24:59,2024-09-22T17:24:59
E9AX9ZTS,2024-09-02T11:20:32,2024-10-02T11:20:32
YR1C8JR3,2024-09-06T08:52:04,2024-10-06T08:52:04
MO8JHMY5,2024-09-07T11:20:21,2024-10-07T11:20:21
HY1HO4X5,2024-09-08T00:33:10,2024-10-08T00:33:10
57UP20N3,2024-09-08T11:06:59,2024-10-08T11:06:59
34O8IJSV,2024-09-09T11:07:18,2024-10-09T11:07:18
NI4LIN8L,2024-09-09T14:23:31,2024-10-09T14:23:31
